movie_id,title,movie_encoded
1,Toy Story (1995),0
2,GoldenEye (1995),1
3,Four Rooms (1995),2
4,Get Shorty (1995),3
5,Copycat (1995),4
6,Shanghai Triad (Yao a yao yao dao waipo qiao) (1995),5
7,Twelve Monkeys (1995),6
8,Babe (1995),7
9,Dead Man Walking (1995),8
10,Richard III (1995),9
11,Seven (Se7en) (1995),10
12,"Usual Suspects, The (1995)",11
13,Mighty Aphrodite (1995),12
14,"Postino, Il (1994)",13
15,Mr. Holland's Opus (1995),14
16,French Twist (Gazon maudit) (1995),15
17,From Dusk Till Dawn (1996),16
18,"White Balloon, The (1995)",17
19,Antonia's Line (1995),18
20,Angels and Insects (1995),19
21,Muppet Treasure Island (1996),20
22,Braveheart (1995),21
23,Taxi Driver (1976),22
24,Rumble in the Bronx (1995),23
25,"Birdcage, The (1996)",24
26,"Brothers McMullen, The (1995)",25
27,Bad Boys (1995),26
28,Apollo 13 (1995),27
29,Batman Forever (1995),28
30,Belle de jour (1967),29
31,Crimson Tide (1995),30
32,Crumb (1994),31
33,Desperado (1995),32
34,"Doom Generation, The (1995)",33
35,Free Willy 2: The Adventure Home (1995),34
36,Mad Love (1995),35
37,Nadja (1994),36
38,"Net, The (1995)",37
39,Strange Days (1995),38
40,"To Wong Foo, Thanks for Everything! Julie Newmar (1995)",39
41,Billy Madison (1995),40
42,Clerks (1994),41
43,Disclosure (1994),42
44,Dolores Claiborne (1994),43
45,Eat Drink Man Woman (1994),44
46,Exotica (1994),45
47,Ed Wood (1994),46
48,Hoop Dreams (1994),47
49,I.Q. (1994),48
50,Star Wars (1977),49
51,Legends of the Fall (1994),50
52,"Madness of King George, The (1994)",51
53,Natural Born Killers (1994),52
54,Outbreak (1995),53
55,"Professional, The (1994)",54
56,Pulp Fiction (1994),55
57,Priest (1994),56
58,Quiz Show (1994),57
59,Three Colors: Red (1994),58
60,Three Colors: Blue (1993),59
61,Three Colors: White (1994),60
62,Stargate (1994),61
63,"Santa Clause, The (1994)",62
64,"Shawshank Redemption, The (1994)",63
65,What's Eating Gilbert Grape (1993),64
66,While You Were Sleeping (1995),65
67,Ace Ventura: Pet Detective (1994),66
68,"Crow, The (1994)",67
69,Forrest Gump (1994),68
70,Four Weddings and a Funeral (1994),69
71,"Lion King, The (1994)",70
72,"Mask, The (1994)",71
73,Maverick (1994),72
74,Faster Pussycat! Kill! Kill! (1965),73
75,Brother Minister: The Assassination of Malcolm X (1994),74
76,Carlito's Way (1993),75
77,"Firm, The (1993)",76
78,Free Willy (1993),77
79,"Fugitive, The (1993)",78
80,Hot Shots! Part Deux (1993),79
81,"Hudsucker Proxy, The (1994)",80
82,Jurassic Park (1993),81
83,Much Ado About Nothing (1993),82
84,Robert A. Heinlein's The Puppet Masters (1994),83
85,"Ref, The (1994)",84
86,"Remains of the Day, The (1993)",85
87,Searching for Bobby Fischer (1993),86
88,Sleepless in Seattle (1993),87
89,Blade Runner (1982),88
90,So I Married an Axe Murderer (1993),89
91,"Nightmare Before Christmas, The (1993)",90
92,True Romance (1993),91
93,Welcome to the Dollhouse (1995),92
94,Home Alone (1990),93
95,Aladdin (1992),94
96,Terminator 2: Judgment Day (1991),95
97,Dances with Wolves (1990),96
98,"Silence of the Lambs, The (1991)",97
99,Snow White and the Seven Dwarfs (1937),98
100,Fargo (1996),99
101,Heavy Metal (1981),100
102,"Aristocats, The (1970)",101
103,All Dogs Go to Heaven 2 (1996),102
104,Theodore Rex (1995),103
105,Sgt. Bilko (1996),104
106,Diabolique (1996),105
107,Moll Flanders (1996),106
108,Kids in the Hall: Brain Candy (1996),107
109,Mystery Science Theater 3000: The Movie (1996),108
110,Operation Dumbo Drop (1995),109
111,"Truth About Cats & Dogs, The (1996)",110
112,Flipper (1996),111
113,"Horseman on the Roof, The (Hussard sur le toit, Le) (1995)",112
114,Wallace & Gromit: The Best of Aardman Animation (1996),113
115,"Haunted World of Edward D. Wood Jr., The (1995)",114
116,Cold Comfort Farm (1995),115
117,"Rock, The (1996)",116
118,Twister (1996),117
119,Maya Lin: A Strong Clear Vision (1994),118
120,Striptease (1996),119
121,Independence Day (ID4) (1996),120
122,"Cable Guy, The (1996)",121
123,"Frighteners, The (1996)",122
124,Lone Star (1996),123
125,Phenomenon (1996),124
126,"Spitfire Grill, The (1996)",125
127,"Godfather, The (1972)",126
128,Supercop (1992),127
129,Bound (1996),128
130,Kansas City (1996),129
131,Breakfast at Tiffany's (1961),130
132,"Wizard of Oz, The (1939)",131
133,Gone with the Wind (1939),132
134,Citizen Kane (1941),133
135,2001: A Space Odyssey (1968),134
136,Mr. Smith Goes to Washington (1939),135
137,Big Night (1996),136
138,D3: The Mighty Ducks (1996),137
139,"Love Bug, The (1969)",138
140,Homeward Bound: The Incredible Journey (1993),139
141,"20,000 Leagues Under the Sea (1954)",140
142,Bedknobs and Broomsticks (1971),141
143,"Sound of Music, The (1965)",142
144,Die Hard (1988),143
145,"Lawnmower Man, The (1992)",144
146,Unhook the Stars (1996),145
147,"Long Kiss Goodnight, The (1996)",146
148,"Ghost and the Darkness, The (1996)",147
149,Jude (1996),148
150,Swingers (1996),149
151,Willy Wonka and the Chocolate Factory (1971),150
152,Sleeper (1973),151
153,"Fish Called Wanda, A (1988)",152
154,Monty Python's Life of Brian (1979),153
155,Dirty Dancing (1987),154
156,Reservoir Dogs (1992),155
157,Platoon (1986),156
158,Weekend at Bernie's (1989),157
159,Basic Instinct (1992),158
160,Glengarry Glen Ross (1992),159
161,Top Gun (1986),160
162,On Golden Pond (1981),161
163,"Return of the Pink Panther, The (1974)",162
164,"Abyss, The (1989)",163
165,Jean de Florette (1986),164
166,Manon of the Spring (Manon des sources) (1986),165
167,Private Benjamin (1980),166
168,Monty Python and the Holy Grail (1974),167
169,"Wrong Trousers, The (1993)",168
170,Cinema Paradiso (1988),169
171,Delicatessen (1991),170
172,"Empire Strikes Back, The (1980)",171
173,"Princess Bride, The (1987)",172
174,Raiders of the Lost Ark (1981),173
175,Brazil (1985),174
176,Aliens (1986),175
177,"Good, The Bad and The Ugly, The (1966)",176
178,12 Angry Men (1957),177
179,"Clockwork Orange, A (1971)",178
180,Apocalypse Now (1979),179
181,Return of the Jedi (1983),180
182,GoodFellas (1990),181
183,Alien (1979),182
184,Army of Darkness (1993),183
185,Psycho (1960),184
186,"Blues Brothers, The (1980)",185
187,"Godfather: Part II, The (1974)",186
188,Full Metal Jacket (1987),187
189,"Grand Day Out, A (1992)",188
190,Henry V (1989),189
191,Amadeus (1984),190
192,Raging Bull (1980),191
193,"Right Stuff, The (1983)",192
194,"Sting, The (1973)",193
195,"Terminator, The (1984)",194
196,Dead Poets Society (1989),195
197,"Graduate, The (1967)",196
198,Nikita (La Femme Nikita) (1990),197
199,"Bridge on the River Kwai, The (1957)",198
200,"Shining, The (1980)",199
201,Evil Dead II (1987),200
202,Groundhog Day (1993),201
203,Unforgiven (1992),202
204,Back to the Future (1985),203
205,Patton (1970),204
206,Akira (1988),205
207,Cyrano de Bergerac (1990),206
208,Young Frankenstein (1974),207
209,This Is Spinal Tap (1984),208
210,Indiana Jones and the Last Crusade (1989),209
211,M*A*S*H (1970),210
212,"Unbearable Lightness of Being, The (1988)",211
213,"Room with a View, A (1986)",212
214,Pink Floyd - The Wall (1982),213
215,Field of Dreams (1989),214
216,When Harry Met Sally... (1989),215
217,Bram Stoker's Dracula (1992),216
218,Cape Fear (1991),217
219,"Nightmare on Elm Street, A (1984)",218
220,"Mirror Has Two Faces, The (1996)",219
221,Breaking the Waves (1996),220
222,Star Trek: First Contact (1996),221
223,Sling Blade (1996),222
224,Ridicule (1996),223
225,101 Dalmatians (1996),224
226,Die Hard 2 (1990),225
227,Star Trek VI: The Undiscovered Country (1991),226
228,Star Trek: The Wrath of Khan (1982),227
229,Star Trek III: The Search for Spock (1984),228
230,Star Trek IV: The Voyage Home (1986),229
231,Batman Returns (1992),230
232,Young Guns (1988),231
233,Under Siege (1992),232
234,Jaws (1975),233
235,Mars Attacks! (1996),234
236,Citizen Ruth (1996),235
237,Jerry Maguire (1996),236
238,Raising Arizona (1987),237
239,Sneakers (1992),238
240,Beavis and Butt-head Do America (1996),239
241,"Last of the Mohicans, The (1992)",240
242,Kolya (1996),241
243,Jungle2Jungle (1997),242
244,Smilla's Sense of Snow (1997),243
245,"Devil's Own, The (1997)",244
246,Chasing Amy (1997),245
247,Turbo: A Power Rangers Movie (1997),246
248,Grosse Pointe Blank (1997),247
249,Austin Powers: International Man of Mystery (1997),248
250,"Fifth Element, The (1997)",249
251,Shall We Dance? (1996),250
252,"Lost World: Jurassic Park, The (1997)",251
253,"Pillow Book, The (1995)",252
254,Batman & Robin (1997),253
255,My Best Friend's Wedding (1997),254
256,When the Cats Away (Chacun cherche son chat) (1996),255
257,Men in Black (1997),256
258,Contact (1997),257
259,George of the Jungle (1997),258
260,Event Horizon (1997),259
261,Air Bud (1997),260
262,In the Company of Men (1997),261
263,Steel (1997),262
264,Mimic (1997),263
265,"Hunt for Red October, The (1990)",264
266,Kull the Conqueror (1997),265
267,unknown,266
268,Chasing Amy (1997),267
269,"Full Monty, The (1997)",268
270,Gattaca (1997),269
271,Starship Troopers (1997),270
272,Good Will Hunting (1997),271
273,Heat (1995),272
274,Sabrina (1995),273
275,Sense and Sensibility (1995),274
276,Leaving Las Vegas (1995),275
277,Restoration (1995),276
278,Bed of Roses (1996),277
279,Once Upon a Time... When We Were Colored (1995),278
280,Up Close and Personal (1996),279
281,"River Wild, The (1994)",280
282,"Time to Kill, A (1996)",281
283,Emma (1996),282
284,Tin Cup (1996),283
285,Secrets & Lies (1996),284
286,"English Patient, The (1996)",285
287,Marvin's Room (1996),286
288,Scream (1996),287
289,Evita (1996),288
290,Fierce Creatures (1997),289
291,Absolute Power (1997),290
292,Rosewood (1997),291
293,Donnie Brasco (1997),292
294,Liar Liar (1997),293
295,Breakdown (1997),294
296,"Promesse, La (1996)",295
297,Ulee's Gold (1997),296
298,Face/Off (1997),297
299,Hoodlum (1997),298
300,Air Force One (1997),299
301,In & Out (1997),300
302,L.A. Confidential (1997),301
303,Ulee's Gold (1997),302
304,Fly Away Home (1996),303
305,"Ice Storm, The (1997)",304
306,"Mrs. Brown (Her Majesty, Mrs. Brown) (1997)",305
307,"Devil's Advocate, The (1997)",306
308,FairyTale: A True Story (1997),307
309,Deceiver (1997),308
310,"Rainmaker, The (1997)",309
311,"Wings of the Dove, The (1997)",310
312,Midnight in the Garden of Good and Evil (1997),311
313,Titanic (1997),312
314,3 Ninjas: High Noon At Mega Mountain (1998),313
315,Apt Pupil (1998),314
316,As Good As It Gets (1997),315
317,In the Name of the Father (1993),316
318,Schindler's List (1993),317
319,Everyone Says I Love You (1996),318
320,Paradise Lost: The Child Murders at Robin Hood Hills (1996),319
321,Mother (1996),320
322,Murder at 1600 (1997),321
323,Dante's Peak (1997),322
324,Lost Highway (1997),323
325,Crash (1996),324
326,G.I. Jane (1997),325
327,Cop Land (1997),326
328,Conspiracy Theory (1997),327
329,Desperate Measures (1998),328
330,187 (1997),329
331,"Edge, The (1997)",330
332,Kiss the Girls (1997),331
333,"Game, The (1997)",332
334,U Turn (1997),333
335,How to Be a Player (1997),334
336,Playing God (1997),335
337,"House of Yes, The (1997)",336
338,Bean (1997),337
339,Mad City (1997),338
340,Boogie Nights (1997),339
341,Critical Care (1997),340
342,"Man Who Knew Too Little, The (1997)",341
343,Alien: Resurrection (1997),342
344,"Apostle, The (1997)",343
345,Deconstructing Harry (1997),344
346,Jackie Brown (1997),345
347,Wag the Dog (1997),346
348,Desperate Measures (1998),347
349,Hard Rain (1998),348
350,Fallen (1998),349
351,"Prophecy II, The (1998)",350
352,Spice World (1997),351
353,Deep Rising (1998),352
354,"Wedding Singer, The (1998)",353
355,Sphere (1998),354
356,"Client, The (1994)",355
357,One Flew Over the Cuckoo's Nest (1975),356
358,Spawn (1997),357
359,"Assignment, The (1997)",358
360,Wonderland (1997),359
361,Incognito (1997),360
362,Blues Brothers 2000 (1998),361
363,Sudden Death (1995),362
364,Ace Ventura: When Nature Calls (1995),363
365,Powder (1995),364
366,Dangerous Minds (1995),365
367,Clueless (1995),366
368,Bio-Dome (1996),367
369,Black Sheep (1996),368
370,Mary Reilly (1996),369
371,"Bridges of Madison County, The (1995)",370
372,Jeffrey (1995),371
373,Judge Dredd (1995),372
374,Mighty Morphin Power Rangers: The Movie (1995),373
375,Showgirls (1995),374
376,Houseguest (1994),375
377,Heavyweights (1994),376
378,Miracle on 34th Street (1994),377
379,Tales From the Crypt Presents: Demon Knight (1995),378
380,Star Trek: Generations (1994),379
381,Muriel's Wedding (1994),380
382,"Adventures of Priscilla, Queen of the Desert, The (1994)",381
383,"Flintstones, The (1994)",382
384,Naked Gun 33 1/3: The Final Insult (1994),383
385,True Lies (1994),384
386,Addams Family Values (1993),385
387,"Age of Innocence, The (1993)",386
388,Beverly Hills Cop III (1994),387
389,Black Beauty (1994),388
390,Fear of a Black Hat (1993),389
391,Last Action Hero (1993),390
392,"Man Without a Face, The (1993)",391
393,Mrs. Doubtfire (1993),392
394,Radioland Murders (1994),393
395,Robin Hood: Men in Tights (1993),394
396,Serial Mom (1994),395
397,Striking Distance (1993),396
398,Super Mario Bros. (1993),397
399,"Three Musketeers, The (1993)",398
400,"Little Rascals, The (1994)",399
401,"Brady Bunch Movie, The (1995)",400
402,Ghost (1990),401
403,Batman (1989),402
404,Pinocchio (1940),403
405,Mission: Impossible (1996),404
406,Thinner (1996),405
407,Spy Hard (1996),406
408,"Close Shave, A (1995)",407
409,Jack (1996),408
410,Kingpin (1996),409
411,"Nutty Professor, The (1996)",410
412,"Very Brady Sequel, A (1996)",411
413,Tales from the Crypt Presents: Bordello of Blood (1996),412
414,My Favorite Year (1982),413
415,"Apple Dumpling Gang, The (1975)",414
416,Old Yeller (1957),415
417,"Parent Trap, The (1961)",416
418,Cinderella (1950),417
419,Mary Poppins (1964),418
420,Alice in Wonderland (1951),419
421,William Shakespeare's Romeo and Juliet (1996),420
422,Aladdin and the King of Thieves (1996),421
423,E.T. the Extra-Terrestrial (1982),422
424,Children of the Corn: The Gathering (1996),423
425,Bob Roberts (1992),424
426,"Transformers: The Movie, The (1986)",425
427,To Kill a Mockingbird (1962),426
428,Harold and Maude (1971),427
429,"Day the Earth Stood Still, The (1951)",428
430,Duck Soup (1933),429
431,Highlander (1986),430
432,Fantasia (1940),431
433,Heathers (1989),432
434,Forbidden Planet (1956),433
435,Butch Cassidy and the Sundance Kid (1969),434
436,"American Werewolf in London, An (1981)",435
437,Amityville 1992: It's About Time (1992),436
438,Amityville 3-D (1983),437
439,Amityville: A New Generation (1993),438
440,Amityville II: The Possession (1982),439
441,"Amityville Horror, The (1979)",440
442,"Amityville Curse, The (1990)",441
443,"Birds, The (1963)",442
444,"Blob, The (1958)",443
445,"Body Snatcher, The (1945)",444
446,Burnt Offerings (1976),445
447,Carrie (1976),446
448,"Omen, The (1976)",447
449,Star Trek: The Motion Picture (1979),448
450,Star Trek V: The Final Frontier (1989),449
451,Grease (1978),450
452,Jaws 2 (1978),451
453,Jaws 3-D (1983),452
454,Bastard Out of Carolina (1996),453
455,Jackie Chan's First Strike (1996),454
456,Beverly Hills Ninja (1997),455
457,Free Willy 3: The Rescue (1997),456
458,Nixon (1995),457
459,"Cry, the Beloved Country (1995)",458
460,"Crossing Guard, The (1995)",459
461,Smoke (1995),460
462,Like Water For Chocolate (Como agua para chocolate) (1992),461
463,"Secret of Roan Inish, The (1994)",462
464,Vanya on 42nd Street (1994),463
465,"Jungle Book, The (1994)",464
466,Red Rock West (1992),465
467,"Bronx Tale, A (1993)",466
468,Rudy (1993),467
469,Short Cuts (1993),468
470,Tombstone (1993),469
471,Courage Under Fire (1996),470
472,Dragonheart (1996),471
473,James and the Giant Peach (1996),472
474,Dr. Strangelove or: How I Learned to Stop Worrying and Love the Bomb (1963),473
475,Trainspotting (1996),474
476,"First Wives Club, The (1996)",475
477,Matilda (1996),476
478,"Philadelphia Story, The (1940)",477
479,Vertigo (1958),478
480,North by Northwest (1959),479
481,"Apartment, The (1960)",480
482,Some Like It Hot (1959),481
483,Casablanca (1942),482
484,"Maltese Falcon, The (1941)",483
485,My Fair Lady (1964),484
486,Sabrina (1954),485
487,Roman Holiday (1953),486
488,Sunset Blvd. (1950),487
489,Notorious (1946),488
490,To Catch a Thief (1955),489
491,"Adventures of Robin Hood, The (1938)",490
492,East of Eden (1955),491
493,"Thin Man, The (1934)",492
494,His Girl Friday (1940),493
495,Around the World in 80 Days (1956),494
496,It's a Wonderful Life (1946),495
497,Bringing Up Baby (1938),496
498,"African Queen, The (1951)",497
499,Cat on a Hot Tin Roof (1958),498
500,Fly Away Home (1996),499
501,Dumbo (1941),500
502,Bananas (1971),501
503,"Candidate, The (1972)",502
504,Bonnie and Clyde (1967),503
505,Dial M for Murder (1954),504
506,Rebel Without a Cause (1955),505
507,"Streetcar Named Desire, A (1951)",506
508,"People vs. Larry Flynt, The (1996)",507
509,My Left Foot (1989),508
510,"Magnificent Seven, The (1954)",509
511,Lawrence of Arabia (1962),510
512,Wings of Desire (1987),511
513,"Third Man, The (1949)",512
514,Annie Hall (1977),513
515,"Boot, Das (1981)",514
516,Local Hero (1983),515
517,Manhattan (1979),516
518,Miller's Crossing (1990),517
519,"Treasure of the Sierra Madre, The (1948)",518
520,"Great Escape, The (1963)",519
521,"Deer Hunter, The (1978)",520
522,Down by Law (1986),521
523,Cool Hand Luke (1967),522
524,"Great Dictator, The (1940)",523
525,"Big Sleep, The (1946)",524
526,Ben-Hur (1959),525
527,Gandhi (1982),526
528,"Killing Fields, The (1984)",527
529,My Life as a Dog (Mitt liv som hund) (1985),528
530,"Man Who Would Be King, The (1975)",529
531,Shine (1996),530
532,Kama Sutra: A Tale of Love (1996),531
533,"Daytrippers, The (1996)",532
534,Traveller (1997),533
535,Addicted to Love (1997),534
536,Ponette (1996),535
537,My Own Private Idaho (1991),536
538,Anastasia (1997),537
539,Mouse Hunt (1997),538
540,Money Train (1995),539
541,Mortal Kombat (1995),540
542,Pocahontas (1995),541
543,"Misérables, Les (1995)",542
544,Things to Do in Denver when You're Dead (1995),543
545,Vampire in Brooklyn (1995),544
546,Broken Arrow (1996),545
547,"Young Poisoner's Handbook, The (1995)",546
548,"NeverEnding Story III, The (1994)",547
549,Rob Roy (1995),548
550,Die Hard: With a Vengeance (1995),549
551,Lord of Illusions (1995),550
552,Species (1995),551
553,"Walk in the Clouds, A (1995)",552
554,Waterworld (1995),553
555,White Man's Burden (1995),554
556,Wild Bill (1995),555
557,Farinelli: il castrato (1994),556
558,Heavenly Creatures (1994),557
559,Interview with the Vampire (1994),558
560,"Kid in King Arthur's Court, A (1995)",559
561,Mary Shelley's Frankenstein (1994),560
562,"Quick and the Dead, The (1995)",561
563,Stephen King's The Langoliers (1995),562
564,Tales from the Hood (1995),563
565,Village of the Damned (1995),564
566,Clear and Present Danger (1994),565
567,Wes Craven's New Nightmare (1994),566
568,Speed (1994),567
569,Wolf (1994),568
570,Wyatt Earp (1994),569
571,Another Stakeout (1993),570
572,Blown Away (1994),571
573,Body Snatchers (1993),572
574,Boxing Helena (1993),573
575,City Slickers II: The Legend of Curly's Gold (1994),574
576,Cliffhanger (1993),575
577,Coneheads (1993),576
578,Demolition Man (1993),577
579,Fatal Instinct (1993),578
580,"Englishman Who Went Up a Hill, But Came Down a Mountain, The (1995)",579
581,Kalifornia (1993),580
582,"Piano, The (1993)",581
583,Romeo Is Bleeding (1993),582
584,"Secret Garden, The (1993)",583
585,Son in Law (1993),584
586,Terminal Velocity (1994),585
587,"Hour of the Pig, The (1993)",586
588,Beauty and the Beast (1991),587
589,"Wild Bunch, The (1969)",588
590,Hellraiser: Bloodline (1996),589
591,Primal Fear (1996),590
592,True Crime (1995),591
593,Stalingrad (1993),592
594,Heavy (1995),593
595,"Fan, The (1996)",594
596,"Hunchback of Notre Dame, The (1996)",595
597,Eraser (1996),596
598,"Big Squeeze, The (1996)",597
599,Police Story 4: Project S (Chao ji ji hua) (1993),598
600,Daniel Defoe's Robinson Crusoe (1996),599
601,For Whom the Bell Tolls (1943),600
602,"American in Paris, An (1951)",601
603,Rear Window (1954),602
604,It Happened One Night (1934),603
605,Meet Me in St. Louis (1944),604
606,All About Eve (1950),605
607,Rebecca (1940),606
608,Spellbound (1945),607
609,Father of the Bride (1950),608
610,Gigi (1958),609
611,Laura (1944),610
612,Lost Horizon (1937),611
613,My Man Godfrey (1936),612
614,Giant (1956),613
615,"39 Steps, The (1935)",614
616,Night of the Living Dead (1968),615
617,"Blue Angel, The (Blaue Engel, Der) (1930)",616
618,Picnic (1955),617
619,Extreme Measures (1996),618
620,"Chamber, The (1996)",619
621,"Davy Crockett, King of the Wild Frontier (1955)",620
622,Swiss Family Robinson (1960),621
623,Angels in the Outfield (1994),622
624,"Three Caballeros, The (1945)",623
625,"Sword in the Stone, The (1963)",624
626,So Dear to My Heart (1949),625
627,Robin Hood: Prince of Thieves (1991),626
628,Sleepers (1996),627
629,Victor/Victoria (1982),628
630,"Great Race, The (1965)",629
631,"Crying Game, The (1992)",630
632,Sophie's Choice (1982),631
633,"Christmas Carol, A (1938)",632
634,Microcosmos: Le peuple de l'herbe (1996),633
635,"Fog, The (1980)",634
636,Escape from New York (1981),635
637,"Howling, The (1981)",636
638,"Return of Martin Guerre, The (Retour de Martin Guerre, Le) (1982)",637
639,"Tin Drum, The (Blechtrommel, Die) (1979)",638
640,"Cook the Thief His Wife & Her Lover, The (1989)",639
641,Paths of Glory (1957),640
642,"Grifters, The (1990)",641
643,The Innocent (1994),642
644,"Thin Blue Line, The (1988)",643
645,Paris Is Burning (1990),644
646,Once Upon a Time in the West (1969),645
647,Ran (1985),646
648,"Quiet Man, The (1952)",647
649,Once Upon a Time in America (1984),648
650,"Seventh Seal, The (Sjunde inseglet, Det) (1957)",649
651,Glory (1989),650
652,Rosencrantz and Guildenstern Are Dead (1990),651
653,Touch of Evil (1958),652
654,Chinatown (1974),653
655,Stand by Me (1986),654
656,M (1931),655
657,"Manchurian Candidate, The (1962)",656
658,Pump Up the Volume (1990),657
659,Arsenic and Old Lace (1944),658
660,Fried Green Tomatoes (1991),659
661,High Noon (1952),660
662,Somewhere in Time (1980),661
663,Being There (1979),662
664,"Paris, Texas (1984)",663
665,Alien 3 (1992),664
666,Blood For Dracula (Andy Warhol's Dracula) (1974),665
667,Audrey Rose (1977),666
668,Blood Beach (1981),667
669,Body Parts (1991),668
670,Body Snatchers (1993),669
671,Bride of Frankenstein (1935),670
672,Candyman (1992),671
673,Cape Fear (1962),672
674,Cat People (1982),673
675,"Nosferatu (Nosferatu, eine Symphonie des Grauens) (1922)",674
676,"Crucible, The (1996)",675
677,Fire on the Mountain (1996),676
678,Volcano (1997),677
679,Conan the Barbarian (1981),678
680,Kull the Conqueror (1997),679
681,Wishmaster (1997),680
682,I Know What You Did Last Summer (1997),681
683,Rocket Man (1997),682
684,In the Line of Fire (1993),683
685,Executive Decision (1996),684
686,"Perfect World, A (1993)",685
687,McHale's Navy (1997),686
688,Leave It to Beaver (1997),687
689,"Jackal, The (1997)",688
690,Seven Years in Tibet (1997),689
691,Dark City (1998),690
692,"American President, The (1995)",691
693,Casino (1995),692
694,Persuasion (1995),693
695,Kicking and Screaming (1995),694
696,City Hall (1996),695
697,"Basketball Diaries, The (1995)",696
698,"Browning Version, The (1994)",697
699,Little Women (1994),698
700,Miami Rhapsody (1995),699
701,"Wonderful, Horrible Life of Leni Riefenstahl, The (1993)",700
702,Barcelona (1994),701
703,Widows' Peak (1994),702
704,"House of the Spirits, The (1993)",703
705,Singin' in the Rain (1952),704
706,Bad Moon (1996),705
707,Enchanted April (1991),706
708,"Sex, Lies, and Videotape (1989)",707
709,Strictly Ballroom (1992),708
710,Better Off Dead... (1985),709
711,"Substance of Fire, The (1996)",710
712,Tin Men (1987),711
713,Othello (1995),712
714,Carrington (1995),713
715,To Die For (1995),714
716,Home for the Holidays (1995),715
717,"Juror, The (1996)",716
718,In the Bleak Midwinter (1995),717
719,Canadian Bacon (1994),718
720,First Knight (1995),719
721,Mallrats (1995),720
722,Nine Months (1995),721
723,Boys on the Side (1995),722
724,Circle of Friends (1995),723
725,Exit to Eden (1994),724
726,Fluke (1995),725
727,Immortal Beloved (1994),726
728,Junior (1994),727
729,Nell (1994),728
730,"Queen Margot (Reine Margot, La) (1994)",729
731,"Corrina, Corrina (1994)",730
732,Dave (1993),731
733,Go Fish (1994),732
734,Made in America (1993),733
735,Philadelphia (1993),734
736,Shadowlands (1993),735
737,Sirens (1994),736
738,Threesome (1994),737
739,Pretty Woman (1990),738
740,Jane Eyre (1996),739
741,"Last Supper, The (1995)",740
742,Ransom (1996),741
743,"Crow: City of Angels, The (1996)",742
744,Michael Collins (1996),743
745,"Ruling Class, The (1972)",744
746,Real Genius (1985),745
747,Benny & Joon (1993),746
748,"Saint, The (1997)",747
749,"MatchMaker, The (1997)",748
750,Amistad (1997),749
751,Tomorrow Never Dies (1997),750
752,"Replacement Killers, The (1998)",751
753,Burnt By the Sun (1994),752
754,Red Corner (1997),753
755,Jumanji (1995),754
756,Father of the Bride Part II (1995),755
757,Across the Sea of Time (1995),756
758,Lawnmower Man 2: Beyond Cyberspace (1996),757
759,Fair Game (1995),758
760,Screamers (1995),759
761,Nick of Time (1995),760
762,Beautiful Girls (1996),761
763,Happy Gilmore (1996),762
764,If Lucy Fell (1996),763
765,Boomerang (1992),764
766,Man of the Year (1995),765
767,"Addiction, The (1995)",766
768,Casper (1995),767
769,Congo (1995),768
770,Devil in a Blue Dress (1995),769
771,Johnny Mnemonic (1995),770
772,Kids (1995),771
773,Mute Witness (1994),772
774,"Prophecy, The (1995)",773
775,Something to Talk About (1995),774
776,Three Wishes (1995),775
777,Castle Freak (1995),776
778,Don Juan DeMarco (1995),777
779,Drop Zone (1994),778
780,Dumb & Dumber (1994),779
781,French Kiss (1995),780
782,Little Odessa (1994),781
783,Milk Money (1994),782
784,Beyond Bedlam (1993),783
785,Only You (1994),784
786,"Perez Family, The (1995)",785
787,Roommates (1995),786
788,Relative Fear (1994),787
789,Swimming with Sharks (1995),788
790,Tommy Boy (1995),789
791,"Baby-Sitters Club, The (1995)",790
792,Bullets Over Broadway (1994),791
793,Crooklyn (1994),792
794,It Could Happen to You (1994),793
795,Richie Rich (1994),794
796,Speechless (1994),795
797,Timecop (1994),796
798,Bad Company (1995),797
799,Boys Life (1995),798
800,In the Mouth of Madness (1995),799
801,"Air Up There, The (1994)",800
802,Hard Target (1993),801
803,Heaven & Earth (1993),802
804,Jimmy Hollywood (1994),803
805,Manhattan Murder Mystery (1993),804
806,Menace II Society (1993),805
807,Poetic Justice (1993),806
808,"Program, The (1993)",807
809,Rising Sun (1993),808
810,"Shadow, The (1994)",809
811,Thirty-Two Short Films About Glenn Gould (1993),810
812,Andre (1994),811
813,"Celluloid Closet, The (1995)",812
814,"Great Day in Harlem, A (1994)",813
815,One Fine Day (1996),814
816,Candyman: Farewell to the Flesh (1995),815
817,Frisk (1995),816
818,Girl 6 (1996),817
819,Eddie (1996),818
820,Space Jam (1996),819
821,Mrs. Winterbourne (1996),820
822,Faces (1968),821
823,Mulholland Falls (1996),822
824,"Great White Hype, The (1996)",823
825,"Arrival, The (1996)",824
826,"Phantom, The (1996)",825
827,Daylight (1996),826
828,Alaska (1996),827
829,Fled (1996),828
830,Power 98 (1995),829
831,Escape from L.A. (1996),830
832,Bogus (1996),831
833,Bulletproof (1996),832
834,Halloween: The Curse of Michael Myers (1995),833
835,"Gay Divorcee, The (1934)",834
836,Ninotchka (1939),835
837,Meet John Doe (1941),836
838,In the Line of Duty 2 (1987),837
839,Loch Ness (1995),838
840,Last Man Standing (1996),839
841,"Glimmer Man, The (1996)",840
842,Pollyanna (1960),841
843,"Shaggy Dog, The (1959)",842
844,Freeway (1996),843
845,That Thing You Do! (1996),844
846,To Gillian on Her 37th Birthday (1996),845
847,Looking for Richard (1996),846
848,"Murder, My Sweet (1944)",847
849,Days of Thunder (1990),848
850,"Perfect Candidate, A (1996)",849
851,Two or Three Things I Know About Her (1966),850
852,"Bloody Child, The (1996)",851
853,Braindead (1992),852
854,Bad Taste (1987),853
855,Diva (1981),854
856,Night on Earth (1991),855
857,Paris Was a Woman (1995),856
858,Amityville: Dollhouse (1996),857
859,April Fool's Day (1986),858
860,"Believers, The (1987)",859
861,Nosferatu a Venezia (1986),860
862,Jingle All the Way (1996),861
863,"Garden of Finzi-Contini, The (Giardino dei Finzi-Contini, Il) (1970)",862
864,My Fellow Americans (1996),863
865,"Ice Storm, The (1997)",864
866,Michael (1996),865
867,"Whole Wide World, The (1996)",866
868,Hearts and Minds (1996),867
869,Fools Rush In (1997),868
870,Touch (1997),869
871,Vegas Vacation (1997),870
872,Love Jones (1997),871
873,Picture Perfect (1997),872
874,Career Girls (1997),873
875,She's So Lovely (1997),874
876,Money Talks (1997),875
877,Excess Baggage (1997),876
878,That Darn Cat! (1997),877
879,"Peacemaker, The (1997)",878
880,Soul Food (1997),879
881,Money Talks (1997),880
882,Washington Square (1997),881
883,Telling Lies in America (1997),882
884,Year of the Horse (1997),883
885,Phantoms (1998),884
886,"Life Less Ordinary, A (1997)",885
887,Eve's Bayou (1997),886
888,One Night Stand (1997),887
889,"Tango Lesson, The (1997)",888
890,Mortal Kombat: Annihilation (1997),889
891,Bent (1997),890
892,Flubber (1997),891
893,For Richer or Poorer (1997),892
894,Home Alone 3 (1997),893
895,Scream 2 (1997),894
896,"Sweet Hereafter, The (1997)",895
897,Time Tracers (1995),896
898,"Postman, The (1997)",897
899,"Winter Guest, The (1997)",898
900,Kundun (1997),899
901,Mr. Magoo (1997),900
902,"Big Lebowski, The (1998)",901
903,Afterglow (1997),902
904,Ma vie en rose (My Life in Pink) (1997),903
905,Great Expectations (1998),904
906,Oscar & Lucinda (1997),905
907,Vermin (1998),906
908,Half Baked (1998),907
909,Dangerous Beauty (1998),908
910,Nil By Mouth (1997),909
911,Twilight (1998),910
912,U.S. Marshalls (1998),911
913,Love and Death on Long Island (1997),912
914,Wild Things (1998),913
915,Primary Colors (1998),914
916,Lost in Space (1998),915
917,Mercury Rising (1998),916
918,City of Angels (1998),917
919,"City of Lost Children, The (1995)",918
920,Two Bits (1995),919
921,Farewell My Concubine (1993),920
922,Dead Man (1995),921
923,Raise the Red Lantern (1991),922
924,White Squall (1996),923
925,Unforgettable (1996),924
926,Down Periscope (1996),925
927,"Flower of My Secret, The (Flor de mi secreto, La) (1995)",926
928,"Craft, The (1996)",927
929,Harriet the Spy (1996),928
930,Chain Reaction (1996),929
931,"Island of Dr. Moreau, The (1996)",930
932,First Kid (1996),931
933,"Funeral, The (1996)",932
934,"Preacher's Wife, The (1996)",933
935,Paradise Road (1997),934
936,Brassed Off (1996),935
937,"Thousand Acres, A (1997)",936
938,"Smile Like Yours, A (1997)",937
939,Murder in the First (1995),938
940,Airheads (1994),939
941,With Honors (1994),940
942,What's Love Got to Do with It (1993),941
943,Killing Zoe (1994),942
944,Renaissance Man (1994),943
945,Charade (1963),944
946,"Fox and the Hound, The (1981)",945
947,"Big Blue, The (Grand bleu, Le) (1988)",946
948,Booty Call (1997),947
949,How to Make an American Quilt (1995),948
950,Georgia (1995),949
951,"Indian in the Cupboard, The (1995)",950
952,Blue in the Face (1995),951
953,Unstrung Heroes (1995),952
954,Unzipped (1995),953
955,Before Sunrise (1995),954
956,Nobody's Fool (1994),955
957,Pushing Hands (1992),956
958,To Live (Huozhe) (1994),957
959,Dazed and Confused (1993),958
960,Naked (1993),959
961,Orlando (1993),960
962,Ruby in Paradise (1993),961
963,Some Folks Call It a Sling Blade (1993),962
964,"Month by the Lake, A (1995)",963
965,Funny Face (1957),964
966,"Affair to Remember, An (1957)",965
967,Little Lord Fauntleroy (1936),966
968,"Inspector General, The (1949)",967
969,Winnie the Pooh and the Blustery Day (1968),968
970,Hear My Song (1991),969
971,Mediterraneo (1991),970
972,Passion Fish (1992),971
973,Grateful Dead (1995),972
974,Eye for an Eye (1996),973
975,Fear (1996),974
976,Solo (1996),975
977,"Substitute, The (1996)",976
978,Heaven's Prisoners (1996),977
979,"Trigger Effect, The (1996)",978
980,Mother Night (1996),979
981,Dangerous Ground (1997),980
982,Maximum Risk (1996),981
983,"Rich Man's Wife, The (1996)",982
984,Shadow Conspiracy (1997),983
985,Blood & Wine (1997),984
986,Turbulence (1997),985
987,Underworld (1997),986
988,"Beautician and the Beast, The (1997)",987
989,Cats Don't Dance (1997),988
990,Anna Karenina (1997),989
991,Keys to Tulsa (1997),990
992,Head Above Water (1996),991
993,Hercules (1997),992
994,"Last Time I Committed Suicide, The (1997)",993
995,"Kiss Me, Guido (1997)",994
996,"Big Green, The (1995)",995
997,Stuart Saves His Family (1995),996
998,Cabin Boy (1994),997
999,Clean Slate (1994),998
1000,Lightning Jack (1994),999
1001,"Stupids, The (1996)",1000
1002,"Pest, The (1997)",1001
1003,That Darn Cat! (1997),1002
1004,Geronimo: An American Legend (1993),1003
1005,"Double vie de Véronique, La (Double Life of Veronique, The) (1991)",1004
1006,Until the End of the World (Bis ans Ende der Welt) (1991),1005
1007,Waiting for Guffman (1996),1006
1008,I Shot Andy Warhol (1996),1007
1009,Stealing Beauty (1996),1008
1010,Basquiat (1996),1009
1011,2 Days in the Valley (1996),1010
1012,Private Parts (1997),1011
1013,Anaconda (1997),1012
1014,Romy and Michele's High School Reunion (1997),1013
1015,Shiloh (1997),1014
1016,Con Air (1997),1015
1017,Trees Lounge (1996),1016
1018,Tie Me Up! Tie Me Down! (1990),1017
1019,"Die xue shuang xiong (Killer, The) (1989)",1018
1020,Gaslight (1944),1019
1021,8 1/2 (1963),1020
1022,"Fast, Cheap & Out of Control (1997)",1021
1023,Fathers' Day (1997),1022
1024,Mrs. Dalloway (1997),1023
1025,Fire Down Below (1997),1024
1026,"Lay of the Land, The (1997)",1025
1027,"Shooter, The (1995)",1026
1028,Grumpier Old Men (1995),1027
1029,Jury Duty (1995),1028
1030,"Beverly Hillbillies, The (1993)",1029
1031,Lassie (1994),1030
1032,Little Big League (1994),1031
1033,Homeward Bound II: Lost in San Francisco (1996),1032
1034,"Quest, The (1996)",1033
1035,Cool Runnings (1993),1034
1036,Drop Dead Fred (1991),1035
1037,Grease 2 (1982),1036
1038,Switchback (1997),1037
1039,Hamlet (1996),1038
1040,Two if by Sea (1996),1039
1041,Forget Paris (1995),1040
1042,Just Cause (1995),1041
1043,Rent-a-Kid (1995),1042
1044,"Paper, The (1994)",1043
1045,Fearless (1993),1044
1046,Malice (1993),1045
1047,Multiplicity (1996),1046
1048,She's the One (1996),1047
1049,House Arrest (1996),1048
1050,"Ghost and Mrs. Muir, The (1947)",1049
1051,"Associate, The (1996)",1050
1052,Dracula: Dead and Loving It (1995),1051
1053,Now and Then (1995),1052
1054,Mr. Wrong (1996),1053
1055,"Simple Twist of Fate, A (1994)",1054
1056,Cronos (1992),1055
1057,"Pallbearer, The (1996)",1056
1058,"War, The (1994)",1057
1059,Don't Be a Menace to South Central While Drinking Your Juice in the Hood (1996),1058
1060,"Adventures of Pinocchio, The (1996)",1059
1061,"Evening Star, The (1996)",1060
1062,Four Days in September (1997),1061
1063,"Little Princess, A (1995)",1062
1064,Crossfire (1947),1063
1065,Koyaanisqatsi (1983),1064
1066,Balto (1995),1065
1067,Bottle Rocket (1996),1066
1068,"Star Maker, The (Uomo delle stelle, L') (1995)",1067
1069,Amateur (1994),1068
1070,Living in Oblivion (1995),1069
1071,Party Girl (1995),1070
1072,"Pyromaniac's Love Story, A (1995)",1071
1073,Shallow Grave (1994),1072
1074,Reality Bites (1994),1073
1075,"Man of No Importance, A (1994)",1074
1076,"Pagemaster, The (1994)",1075
1077,Love and a .45 (1994),1076
1078,Oliver & Company (1988),1077
1079,Joe's Apartment (1996),1078
1080,Celestial Clockwork (1994),1079
1081,Curdled (1996),1080
1082,Female Perversions (1996),1081
1083,Albino Alligator (1996),1082
1084,Anne Frank Remembered (1995),1083
1085,Carried Away (1996),1084
1086,It's My Party (1995),1085
1087,Bloodsport 2 (1995),1086
1088,Double Team (1997),1087
1089,Speed 2: Cruise Control (1997),1088
1090,Sliver (1993),1089
1091,Pete's Dragon (1977),1090
1092,Dear God (1996),1091
1093,Live Nude Girls (1995),1092
1094,"Thin Line Between Love and Hate, A (1996)",1093
1095,High School High (1996),1094
1096,Commandments (1997),1095
1097,"Hate (Haine, La) (1995)",1096
1098,Flirting With Disaster (1996),1097
1099,"Red Firecracker, Green Firecracker (1994)",1098
1100,What Happened Was... (1994),1099
1101,Six Degrees of Separation (1993),1100
1102,Two Much (1996),1101
1103,Trust (1990),1102
1104,C'est arrivé près de chez vous (1992),1103
1105,Firestorm (1998),1104
1106,"Newton Boys, The (1998)",1105
1107,Beyond Rangoon (1995),1106
1108,Feast of July (1995),1107
1109,Death and the Maiden (1994),1108
1110,Tank Girl (1995),1109
1111,Double Happiness (1994),1110
1112,Cobb (1994),1111
1113,Mrs. Parker and the Vicious Circle (1994),1112
1114,Faithful (1996),1113
1115,Twelfth Night (1996),1114
1116,"Mark of Zorro, The (1940)",1115
1117,Surviving Picasso (1996),1116
1118,Up in Smoke (1978),1117
1119,Some Kind of Wonderful (1987),1118
1120,I'm Not Rappaport (1996),1119
1121,"Umbrellas of Cherbourg, The (Parapluies de Cherbourg, Les) (1964)",1120
1122,They Made Me a Criminal (1939),1121
1123,"Last Time I Saw Paris, The (1954)",1122
1124,"Farewell to Arms, A (1932)",1123
1125,"Innocents, The (1961)",1124
1126,"Old Man and the Sea, The (1958)",1125
1127,"Truman Show, The (1998)",1126
1128,Heidi Fleiss: Hollywood Madam (1995) ,1127
1129,Chungking Express (1994),1128
1130,Jupiter's Wife (1994),1129
1131,Safe (1995),1130
1132,Feeling Minnesota (1996),1131
1133,Escape to Witch Mountain (1975),1132
1134,Get on the Bus (1996),1133
1135,"Doors, The (1991)",1134
1136,Ghosts of Mississippi (1996),1135
1137,Beautiful Thing (1996),1136
1138,Best Men (1997),1137
1139,Hackers (1995),1138
1140,"Road to Wellville, The (1994)",1139
1141,"War Room, The (1993)",1140
1142,When We Were Kings (1996),1141
1143,Hard Eight (1996),1142
1144,"Quiet Room, The (1996)",1143
1145,Blue Chips (1994),1144
1146,Calendar Girl (1993),1145
1147,My Family (1995),1146
1148,Tom & Viv (1994),1147
1149,Walkabout (1971),1148
1150,Last Dance (1996),1149
1151,Original Gangstas (1996),1150
1152,In Love and War (1996),1151
1153,Backbeat (1993),1152
1154,Alphaville (1965),1153
1155,"Rendezvous in Paris (Rendez-vous de Paris, Les) (1995)",1154
1156,Cyclo (1995),1155
1157,"Relic, The (1997)",1156
1158,"Fille seule, La (A Single Girl) (1995)",1157
1159,Stalker (1979),1158
1160,Love! Valour! Compassion! (1997),1159
1161,Palookaville (1996),1160
1162,Phat Beach (1996),1161
1163,"Portrait of a Lady, The (1996)",1162
1164,Zeus and Roxanne (1997),1163
1165,Big Bully (1996),1164
1166,Love & Human Remains (1993),1165
1167,"Sum of Us, The (1994)",1166
1168,Little Buddha (1993),1167
1169,Fresh (1994),1168
1170,Spanking the Monkey (1994),1169
1171,Wild Reeds (1994),1170
1172,"Women, The (1939)",1171
1173,Bliss (1997),1172
1174,Caught (1996),1173
1175,Hugo Pool (1997),1174
1176,Welcome To Sarajevo (1997),1175
1177,Dunston Checks In (1996),1176
1178,Major Payne (1994),1177
1179,Man of the House (1995),1178
1180,I Love Trouble (1994),1179
1181,"Low Down Dirty Shame, A (1994)",1180
1182,Cops and Robbersons (1994),1181
1183,"Cowboy Way, The (1994)",1182
1184,"Endless Summer 2, The (1994)",1183
1185,In the Army Now (1994),1184
1186,"Inkwell, The (1994)",1185
1187,Switchblade Sisters (1975),1186
1188,Young Guns II (1990),1187
1189,Prefontaine (1997),1188
1190,That Old Feeling (1997),1189
1191,"Letter From Death Row, A (1998)",1190
1192,"Boys of St. Vincent, The (1993)",1191
1193,Before the Rain (Pred dozhdot) (1994),1192
1194,Once Were Warriors (1994),1193
1195,Strawberry and Chocolate (Fresa y chocolate) (1993),1194
1196,"Savage Nights (Nuits fauves, Les) (1992)",1195
1197,"Family Thing, A (1996)",1196
1198,Purple Noon (1960),1197
1199,Cemetery Man (Dellamorte Dellamore) (1994),1198
1200,Kim (1950),1199
1201,Marlene Dietrich: Shadow and Light (1996) ,1200
1202,"Maybe, Maybe Not (Bewegte Mann, Der) (1994)",1201
1203,Top Hat (1935),1202
1204,To Be or Not to Be (1942),1203
1205,"Secret Agent, The (1996)",1204
1206,Amos & Andrew (1993),1205
1207,Jade (1995),1206
1208,Kiss of Death (1995),1207
1209,Mixed Nuts (1994),1208
1210,Virtuosity (1995),1209
1211,Blue Sky (1994),1210
1212,Flesh and Bone (1993),1211
1213,Guilty as Sin (1993),1212
1214,In the Realm of the Senses (Ai no corrida) (1976),1213
1215,Barb Wire (1996),1214
1216,Kissed (1996),1215
1217,Assassins (1995),1216
1218,Friday (1995),1217
1219,"Goofy Movie, A (1995)",1218
1220,Higher Learning (1995),1219
1221,When a Man Loves a Woman (1994),1220
1222,Judgment Night (1993),1221
1223,King of the Hill (1993),1222
1224,"Scout, The (1994)",1223
1225,Angus (1995),1224
1226,Night Falls on Manhattan (1997),1225
1227,"Awfully Big Adventure, An (1995)",1226
1228,Under Siege 2: Dark Territory (1995),1227
1229,Poison Ivy II (1995),1228
1230,Ready to Wear (Pret-A-Porter) (1994),1229
1231,Marked for Death (1990),1230
1232,Madonna: Truth or Dare (1991),1231
1233,Nénette et Boni (1996),1232
1234,Chairman of the Board (1998),1233
1235,"Big Bang Theory, The (1994)",1234
1236,"Other Voices, Other Rooms (1997)",1235
1237,Twisted (1996),1236
1238,Full Speed (1996),1237
1239,Cutthroat Island (1995),1238
1240,Ghost in the Shell (Kokaku kidotai) (1995),1239
1241,"Van, The (1996)",1240
1242,"Old Lady Who Walked in the Sea, The (Vieille qui marchait dans la mer, La) (1991)",1241
1243,Night Flier (1997),1242
1244,Metro (1997),1243
1245,Gridlock'd (1997),1244
1246,Bushwhacked (1995),1245
1247,Bad Girls (1994),1246
1248,Blink (1994),1247
1249,For Love or Money (1993),1248
1250,Best of the Best 3: No Turning Back (1995),1249
1251,A Chef in Love (1996),1250
1252,"Contempt (Mépris, Le) (1963)",1251
1253,"Tie That Binds, The (1995)",1252
1254,Gone Fishin' (1997),1253
1255,Broken English (1996),1254
1256,"Designated Mourner, The (1997)",1255
1257,"Designated Mourner, The (1997)",1256
1258,Trial and Error (1997),1257
1259,Pie in the Sky (1995),1258
1260,Total Eclipse (1995),1259
1261,"Run of the Country, The (1995)",1260
1262,Walking and Talking (1996),1261
1263,Foxfire (1996),1262
1264,Nothing to Lose (1994),1263
1265,Star Maps (1997),1264
1266,Bread and Chocolate (Pane e cioccolata) (1973),1265
1267,Clockers (1995),1266
1268,Bitter Moon (1992),1267
1269,Love in the Afternoon (1957),1268
1270,Life with Mikey (1993),1269
1271,North (1994),1270
1272,Talking About Sex (1994),1271
1273,Color of Night (1994),1272
1274,Robocop 3 (1993),1273
1275,Killer (Bulletproof Heart) (1994),1274
1276,Sunset Park (1996),1275
1277,Set It Off (1996),1276
1278,Selena (1997),1277
1279,Wild America (1997),1278
1280,Gang Related (1997),1279
1281,Manny & Lo (1996),1280
1282,"Grass Harp, The (1995)",1281
1283,Out to Sea (1997),1282
1284,Before and After (1996),1283
1285,Princess Caraboo (1994),1284
1286,Shall We Dance? (1937),1285
1287,Ed (1996),1286
1288,Denise Calls Up (1995),1287
1289,Jack and Sarah (1995),1288
1290,Country Life (1994),1289
1291,Celtic Pride (1996),1290
1292,"Simple Wish, A (1997)",1291
1293,Star Kid (1997),1292
1294,Ayn Rand: A Sense of Life (1997),1293
1295,Kicked in the Head (1997),1294
1296,Indian Summer (1996),1295
1297,Love Affair (1994),1296
1298,"Band Wagon, The (1953)",1297
1299,Penny Serenade (1941),1298
1300,'Til There Was You (1997),1299
1301,Stripes (1981),1300
1302,Late Bloomers (1996),1301
1303,"Getaway, The (1994)",1302
1304,New York Cop (1996),1303
1305,National Lampoon's Senior Trip (1995),1304
1306,Delta of Venus (1994),1305
1307,Carmen Miranda: Bananas Is My Business (1994),1306
1308,Babyfever (1994),1307
1309,"Very Natural Thing, A (1974)",1308
1310,"Walk in the Sun, A (1945)",1309
1311,Waiting to Exhale (1995),1310
1312,"Pompatus of Love, The (1996)",1311
1313,Palmetto (1998),1312
1314,Surviving the Game (1994),1313
1315,Inventing the Abbotts (1997),1314
1316,"Horse Whisperer, The (1998)",1315
1317,"Journey of August King, The (1995)",1316
1318,Catwalk (1995),1317
1319,"Neon Bible, The (1995)",1318
1320,Homage (1995),1319
1321,Open Season (1996),1320
1322,Metisse (Café au Lait) (1993),1321
1323,"Wooden Man's Bride, The (Wu Kui) (1994)",1322
1324,Loaded (1994),1323
1325,August (1996),1324
1326,Boys (1996),1325
1327,Captives (1994),1326
1328,Of Love and Shadows (1994),1327
1329,"Low Life, The (1994)",1328
1330,An Unforgettable Summer (1994),1329
1331,"Last Klezmer: Leopold Kozlowski, His Life and Music, The (1995)",1330
1332,My Life and Times With Antonin Artaud (En compagnie d'Antonin Artaud) (1993),1331
1333,Midnight Dancers (Sibak) (1994),1332
1334,Somebody to Love (1994),1333
1335,American Buffalo (1996),1334
1336,Kazaam (1996),1335
1337,Larger Than Life (1996),1336
1338,Two Deaths (1995),1337
1339,Stefano Quantestorie (1993),1338
1340,"Crude Oasis, The (1995)",1339
1341,Hedd Wyn (1992),1340
1342,"Convent, The (Convento, O) (1995)",1341
1343,Lotto Land (1995),1342
1344,"Story of Xinghua, The (1993)",1343
1345,"Day the Sun Turned Cold, The (Tianguo niezi) (1994)",1344
1346,Dingo (1992),1345
1347,"Ballad of Narayama, The (Narayama Bushiko) (1958)",1346
1348,Every Other Weekend (1990),1347
1349,Mille bolle blu (1993),1348
1350,Crows and Sparrows (1949),1349
1351,Lover's Knot (1996),1350
1352,Shadow of Angels (Schatten der Engel) (1976),1351
1353,1-900 (1994),1352
1354,Venice/Venice (1992),1353
1355,Infinity (1996),1354
1356,Ed's Next Move (1996),1355
1357,For the Moment (1994),1356
1358,The Deadly Cure (1996),1357
1359,Boys in Venice (1996),1358
1360,"Sexual Life of the Belgians, The (1994)",1359
1361,"Search for One-eye Jimmy, The (1996)",1360
1362,American Strays (1996),1361
1363,"Leopard Son, The (1996)",1362
1364,Bird of Prey (1996),1363
1365,Johnny 100 Pesos (1993),1364
1366,JLG/JLG - autoportrait de décembre (1994),1365
1367,Faust (1994),1366
1368,Mina Tannenbaum (1994),1367
1369,"Forbidden Christ, The (Cristo proibito, Il) (1950)",1368
1370,I Can't Sleep (J'ai pas sommeil) (1994),1369
1371,"Machine, The (1994)",1370
1372,"Stranger, The (1994)",1371
1373,Good Morning (1971),1372
1374,Falling in Love Again (1980),1373
1375,"Cement Garden, The (1993)",1374
1376,Meet Wally Sparks (1997),1375
1377,Hotel de Love (1996),1376
1378,Rhyme & Reason (1997),1377
1379,Love and Other Catastrophes (1996),1378
1380,Hollow Reed (1996),1379
1381,Losing Chase (1996),1380
1382,"Bonheur, Le (1965)",1381
1383,"Second Jungle Book: Mowgli & Baloo, The (1997)",1382
1384,Squeeze (1996),1383
1385,Roseanna's Grave (For Roseanna) (1997),1384
1386,Tetsuo II: Body Hammer (1992),1385
1387,Fall (1997),1386
1388,Gabbeh (1996),1387
1389,Mondo (1996),1388
1390,"Innocent Sleep, The (1995)",1389
1391,For Ever Mozart (1996),1390
1392,"Locusts, The (1997)",1391
1393,Stag (1997),1392
1394,Swept from the Sea (1997),1393
1395,Hurricane Streets (1998),1394
1396,Stonewall (1995),1395
1397,Of Human Bondage (1934),1396
1398,Anna (1996),1397
1399,Stranger in the House (1997),1398
1400,Picture Bride (1995),1399
1401,M. Butterfly (1993),1400
1402,"Ciao, Professore! (1993)",1401
1403,Caro Diario (Dear Diary) (1994),1402
1404,Withnail and I (1987),1403
1405,Boy's Life 2 (1997),1404
1406,When Night Is Falling (1995),1405
1407,"Specialist, The (1994)",1406
1408,Gordy (1995),1407
1409,"Swan Princess, The (1994)",1408
1410,Harlem (1993),1409
1411,Barbarella (1968),1410
1412,Land Before Time III: The Time of the Great Giving (1995) (V),1411
1413,Street Fighter (1994),1412
1414,Coldblooded (1995),1413
1415,"Next Karate Kid, The (1994)",1414
1416,No Escape (1994),1415
1417,"Turning, The (1992)",1416
1418,"Joy Luck Club, The (1993)",1417
1419,Highlander III: The Sorcerer (1994),1418
1420,Gilligan's Island: The Movie (1998),1419
1421,My Crazy Life (Mi vida loca) (1993),1420
1422,Suture (1993),1421
1423,"Walking Dead, The (1995)",1422
1424,I Like It Like That (1994),1423
1425,I'll Do Anything (1994),1424
1426,Grace of My Heart (1996),1425
1427,Drunks (1995),1426
1428,SubUrbia (1997),1427
1429,Sliding Doors (1998),1428
1430,Ill Gotten Gains (1997),1429
1431,Legal Deceit (1997),1430
1432,"Mighty, The (1998)",1431
1433,Men of Means (1998),1432
1434,Shooting Fish (1997),1433
1435,"Steal Big, Steal Little (1995)",1434
1436,Mr. Jones (1993),1435
1437,House Party 3 (1994),1436
1438,Panther (1995),1437
1439,Jason's Lyric (1994),1438
1440,Above the Rim (1994),1439
1441,Moonlight and Valentino (1995),1440
1442,"Scarlet Letter, The (1995)",1441
1443,8 Seconds (1994),1442
1444,That Darn Cat! (1965),1443
1445,Ladybird Ladybird (1994),1444
1446,"Bye Bye, Love (1995)",1445
1447,Century (1993),1446
1448,My Favorite Season (1993),1447
1449,Pather Panchali (1955),1448
1450,Golden Earrings (1947),1449
1451,Foreign Correspondent (1940),1450
1452,Lady of Burlesque (1943),1451
1453,Angel on My Shoulder (1946),1452
1454,Angel and the Badman (1947),1453
1455,"Outlaw, The (1943)",1454
1456,Beat the Devil (1954),1455
1457,Love Is All There Is (1996),1456
1458,"Damsel in Distress, A (1937)",1457
1459,Madame Butterfly (1995),1458
1460,Sleepover (1995),1459
1461,Here Comes Cookie (1935),1460
1462,"Thieves (Voleurs, Les) (1996)",1461
1463,"Boys, Les (1997)",1462
1464,"Stars Fell on Henrietta, The (1995)",1463
1465,Last Summer in the Hamptons (1995),1464
1466,Margaret's Museum (1995),1465
1467,"Saint of Fort Washington, The (1993)",1466
1468,"Cure, The (1995)",1467
1469,Tom and Huck (1995),1468
1470,Gumby: The Movie (1995),1469
1471,Hideaway (1995),1470
1472,"Visitors, The (Visiteurs, Les) (1993)",1471
1473,"Little Princess, The (1939)",1472
1474,Nina Takes a Lover (1994),1473
1475,Bhaji on the Beach (1993),1474
1476,Raw Deal (1948),1475
1477,Nightwatch (1997),1476
1478,Dead Presidents (1995),1477
1479,Reckless (1995),1478
1480,Herbie Rides Again (1974),1479
1481,S.F.W. (1994),1480
1482,"Gate of Heavenly Peace, The (1995)",1481
1483,"Man in the Iron Mask, The (1998)",1482
1484,"Jerky Boys, The (1994)",1483
1485,"Colonel Chabert, Le (1994)",1484
1486,Girl in the Cadillac (1995),1485
1487,Even Cowgirls Get the Blues (1993),1486
1488,Germinal (1993),1487
1489,Chasers (1994),1488
1490,Fausto (1993),1489
1491,Tough and Deadly (1995),1490
1492,Window to Paris (1994),1491
1493,"Modern Affair, A (1995)",1492
1494,"Mostro, Il (1994)",1493
1495,Flirt (1995),1494
1496,Carpool (1996),1495
1497,"Line King: Al Hirschfeld, The (1996)",1496
1498,Farmer & Chase (1995),1497
1499,Grosse Fatigue (1994),1498
1500,Santa with Muscles (1996),1499
1501,Prisoner of the Mountains (Kavkazsky Plennik) (1996),1500
1502,Naked in New York (1994),1501
1503,Gold Diggers: The Secret of Bear Mountain (1995),1502
1504,"Bewegte Mann, Der (1994)",1503
1505,Killer: A Journal of Murder (1995),1504
1506,Nelly & Monsieur Arnaud (1995),1505
1507,Three Lives and Only One Death (1996),1506
1508,"Babysitter, The (1995)",1507
1509,Getting Even with Dad (1994),1508
1510,Mad Dog Time (1996),1509
1511,Children of the Revolution (1996),1510
1512,"World of Apu, The (Apur Sansar) (1959)",1511
1513,Sprung (1997),1512
1514,Dream With the Fishes (1997),1513
1515,Wings of Courage (1995),1514
1516,"Wedding Gift, The (1994)",1515
1517,Race the Sun (1996),1516
1518,Losing Isaiah (1995),1517
1519,New Jersey Drive (1995),1518
1520,"Fear, The (1995)",1519
1521,Mr. Wonderful (1993),1520
1522,Trial by Jury (1994),1521
1523,"Good Man in Africa, A (1994)",1522
1524,Kaspar Hauser (1993),1523
1525,"Object of My Affection, The (1998)",1524
1526,Witness (1985),1525
1527,Senseless (1998),1526
1528,Nowhere (1997),1527
1529,Underground (1995),1528
1530,Jefferson in Paris (1995),1529
1531,Far From Home: The Adventures of Yellow Dog (1995),1530
1532,Foreign Student (1994),1531
1533,I Don't Want to Talk About It (De eso no se habla) (1993),1532
1534,Twin Town (1997),1533
1535,"Enfer, L' (1994)",1534
1536,Aiqing wansui (1994),1535
1537,Cosi (1996),1536
1538,All Over Me (1997),1537
1539,Being Human (1993),1538
1540,"Amazing Panda Adventure, The (1995)",1539
1541,"Beans of Egypt, Maine, The (1994)",1540
1542,"Scarlet Letter, The (1926)",1541
1543,Johns (1996),1542
1544,It Takes Two (1995),1543
1545,Frankie Starlight (1995),1544
1546,Shadows (Cienie) (1988),1545
1547,"Show, The (1995)",1546
1548,The Courtyard (1995),1547
1549,Dream Man (1995),1548
1550,Destiny Turns on the Radio (1995),1549
1551,"Glass Shield, The (1994)",1550
1552,"Hunted, The (1995)",1551
1553,"Underneath, The (1995)",1552
1554,Safe Passage (1994),1553
1555,"Secret Adventures of Tom Thumb, The (1993)",1554
1556,Condition Red (1995),1555
1557,Yankee Zulu (1994),1556
1558,Aparajito (1956),1557
1559,Hostile Intentions (1994),1558
1560,Clean Slate (Coup de Torchon) (1981),1559
1561,Tigrero: A Film That Was Never Made (1994),1560
1562,"Eye of Vichy, The (Oeil de Vichy, L') (1993)",1561
1563,"Promise, The (Versprechen, Das) (1994)",1562
1564,To Cross the Rubicon (1991),1563
1565,Daens (1992),1564
1566,"Man from Down Under, The (1943)",1565
1567,Careful (1992),1566
1568,Vermont Is For Lovers (1992),1567
1569,"Vie est belle, La (Life is Rosey) (1987)",1568
1570,Quartier Mozart (1992),1569
1571,Touki Bouki (Journey of the Hyena) (1973),1570
1572,Wend Kuuni (God's Gift) (1982),1571
1573,Spirits of the Dead (Tre passi nel delirio) (1968),1572
1574,Pharaoh's Army (1995),1573
1575,"I, Worst of All (Yo, la peor de todas) (1990)",1574
1576,"Hungarian Fairy Tale, A (1987)",1575
1577,"Death in the Garden (Mort en ce jardin, La) (1956)",1576
1578,"Collectionneuse, La (1967)",1577
1579,Baton Rouge (1988),1578
1580,Liebelei (1933),1579
1581,"Woman in Question, The (1950)",1580
1582,T-Men (1947),1581
1583,"Invitation, The (Zaproszenie) (1986)",1582
1584,"Symphonie pastorale, La (1946)",1583
1585,American Dream (1990),1584
1586,Lashou shentan (1992),1585
1587,Terror in a Texas Town (1958),1586
1588,Salut cousin! (1996),1587
1589,Schizopolis (1996),1588
1590,"To Have, or Not (1995)",1589
1591,Duoluo tianshi (1995),1590
1592,"Magic Hour, The (1998)",1591
1593,Death in Brunswick (1991),1592
1594,Everest (1998),1593
1595,Shopping (1994),1594
1596,Nemesis 2: Nebula (1995),1595
1597,Romper Stomper (1992),1596
1598,City of Industry (1997),1597
1599,Someone Else's America (1995),1598
1600,Guantanamera (1994),1599
1601,Office Killer (1997),1600
1602,"Price Above Rubies, A (1998)",1601
1603,Angela (1995),1602
1604,He Walked by Night (1948),1603
1605,Love Serenade (1996),1604
1606,Deceiver (1997),1605
1607,Hurricane Streets (1998),1606
1608,Buddy (1997),1607
1609,B*A*P*S (1997),1608
1610,"Truth or Consequences, N.M. (1997)",1609
1611,Intimate Relations (1996),1610
1612,"Leading Man, The (1996)",1611
1613,Tokyo Fist (1995),1612
1614,"Reluctant Debutante, The (1958)",1613
1615,Warriors of Virtue (1997),1614
1616,Desert Winds (1995),1615
1617,Hugo Pool (1997),1616
1618,King of New York (1990),1617
1619,All Things Fair (1996),1618
1620,"Sixth Man, The (1997)",1619
1621,Butterfly Kiss (1995),1620
1622,"Paris, France (1993)",1621
1623,"Cérémonie, La (1995)",1622
1624,Hush (1998),1623
1625,Nightwatch (1997),1624
1626,Nobody Loves Me (Keiner liebt mich) (1994),1625
1627,"Wife, The (1995)",1626
1628,Lamerica (1994),1627
1629,Nico Icon (1995),1628
1630,"Silence of the Palace, The (Saimt el Qusur) (1994)",1629
1631,"Slingshot, The (1993)",1630
1632,Land and Freedom (Tierra y libertad) (1995),1631
1633,Á köldum klaka (Cold Fever) (1994),1632
1634,Etz Hadomim Tafus (Under the Domin Tree) (1994),1633
1635,Two Friends (1986) ,1634
1636,Brothers in Trouble (1995),1635
1637,Girls Town (1996),1636
1638,Normal Life (1996),1637
1639,Bitter Sugar (Azucar Amargo) (1996),1638
1640,"Eighth Day, The (1996)",1639
1641,Dadetown (1995),1640
1642,Some Mother's Son (1996),1641
1643,Angel Baby (1995),1642
1644,Sudden Manhattan (1996),1643
1645,"Butcher Boy, The (1998)",1644
1646,Men With Guns (1997),1645
1647,Hana-bi (1997),1646
1648,"Niagara, Niagara (1997)",1647
1649,"Big One, The (1997)",1648
1650,"Butcher Boy, The (1998)",1649
1651,"Spanish Prisoner, The (1997)",1650
1652,Temptress Moon (Feng Yue) (1996),1651
1653,Entertaining Angels: The Dorothy Day Story (1996),1652
1654,Chairman of the Board (1998),1653
1655,"Favor, The (1994)",1654
1656,Little City (1998),1655
1657,Target (1995),1656
1658,"Substance of Fire, The (1996)",1657
1659,Getting Away With Murder (1996),1658
1660,Small Faces (1995),1659
1661,"New Age, The (1994)",1660
1662,Rough Magic (1995),1661
1663,Nothing Personal (1995),1662
1664,8 Heads in a Duffel Bag (1997),1663
1665,"Brother's Kiss, A (1997)",1664
1666,Ripe (1996),1665
1667,"Next Step, The (1995)",1666
1668,Wedding Bell Blues (1996),1667
1669,MURDER and murder (1996),1668
1670,Tainted (1998),1669
1671,"Further Gesture, A (1996)",1670
1672,Kika (1993),1671
1673,Mirage (1995),1672
1674,Mamma Roma (1962),1673
1675,"Sunchaser, The (1996)",1674
1676,"War at Home, The (1996)",1675
1677,Sweet Nothing (1995),1676
1678,Mat' i syn (1997),1677
1679,B. Monkey (1998),1678
1680,Sliding Doors (1998),1679
1681,You So Crazy (1994),1680
1682,Scream of Stone (Schrei aus Stein) (1991),1681
